{
  "project_info": {
    "project_number": "975319311238",
    "project_id": "myapplication-bcd2b",
    "storage_bucket": "myapplication-bcd2b.appspot.com"
  },
  "client": [
    {
      "client_info": {
        "mobilesdk_app_id": "1:975319311238:android:4866e824888d8a1d1e0207",
        "android_client_info": {
          "package_name": "com.tmkomronbey.myapplication"
        }
      },
      "oauth_client": [
        {
          "client_id": "975319311238-pc7r7rvkf6fj7a4aumn6r0c7508a7v1p.apps.googleusercontent.com",
          "client_type": 3
        }
      ],
      "api_key": [
        {
          "current_key": "AIzaSyBeoVuxtxNgzni_X3xAv3IcwwbYK-PotpI"
        }
      ],
      "services": {
        "appinvite_service": {
          "other_platform_oauth_client": [
            {
              "client_id": "975319311238-pc7r7rvkf6fj7a4aumn6r0c7508a7v1p.apps.googleusercontent.com",
              "client_type": 3
            }
          ]
        }
      }
    }
  ],
  "configuration_version": "1"
}